"Valor_X","Raiz"
0.0,0.0
2.0,0.0
6.0,6.119024225042324
9.0,9.529904336449029
13.0,12.486196308339682
