"Valor_X","Raiz"
1.2731974749e-313,6.9305894768098e-310
1.060997896e-314,6.93058947681297e-310
0.0,6.93058947681455e-310
0.0,6.93058947681613e-310
3.963919101509526e252,6.93058947682087e-310
1.1817984695898003e180,6.93058947682246e-310
1.3412504e-317,6.93058947682404e-310
0.0,6.9305894768256e-310
0.0,6.93058947683036e-310
0.0,6.93058947683194e-310
