"Valor_X","Raiz"
0.0,0.0
10.0,4.721292758847686
15.0,14.137166216206293
20.0,20.42035224697986
25.0,23.561944901981953
30.0,29.845130209103147
35.0,32.98672286269282
40.0,39.269908169872416
50.0,48.6946861306418
55.0,54.977871437821385
